i,x,probability
0,[0 0 0 0 0 0 0 0 0 0],0.005584075487929618
1,[1 0 0 0 0 0 0 0 0 0],0.0043133828749581035
2,[0 1 0 0 0 0 0 0 0 0],0.002685255709750009
3,[0 0 1 0 0 0 0 0 0 0],0.0041499965875910075
4,[0 0 0 1 0 0 0 0 0 0],0.0038001861291105934
5,[0 0 0 0 1 0 0 0 0 0],0.003077708270351984
6,[0 0 0 0 0 1 0 0 0 0],0.003152065823391728
7,[0 0 0 0 0 0 1 0 0 0],0.003406702964635192
8,[0 0 0 0 0 0 0 1 0 0],0.004024169603693438
9,[0 0 0 0 0 0 0 0 1 0],0.0055022465611587945
10,[0 0 0 0 0 0 0 0 0 1],0.004159468379977434
11,[1 1 0 0 0 0 0 0 0 0],0.002074208348070445
12,[1 0 1 0 0 0 0 0 0 0],0.003205637934290626
13,[1 0 0 1 0 0 0 0 0 0],0.0029354291155967915
14,[1 0 0 0 1 0 0 0 0 0],0.0023773557818386895
15,[1 0 0 0 0 1 0 0 0 0],0.0024347927911697246
16,[1 0 0 0 0 0 1 0 0 0],0.0026314855985542242
17,[1 0 0 0 0 0 0 1 0 0],0.003108443697084382
18,[1 0 0 0 0 0 0 0 1 0],0.00425017465147108
19,[1 0 0 0 0 0 0 0 0 1],0.0032129543588559975
20,[0 1 1 0 0 0 0 0 0 0],0.0019956395747800933
21,[0 1 0 1 0 0 0 0 0 0],0.0018274236305301941
22,[0 1 0 0 1 0 0 0 0 0],0.0014800003552551645
23,[0 1 0 0 0 1 0 0 0 0],0.0015157572221339542
24,[0 1 0 0 0 0 1 0 0 0],0.0016382064689101556
25,[0 1 0 0 0 0 0 1 0 0],0.0019351322217398422
26,[0 1 0 0 0 0 0 0 1 0],0.002645906028086673
27,[0 1 0 0 0 0 0 0 0 1],0.0020001943456892973
28,[0 0 1 1 0 0 0 0 0 0],0.0028242382292483826
29,[0 0 1 0 1 0 0 0 0 0],0.002287304110979515
30,[0 0 1 0 0 1 0 0 0 0],0.002342565468395542
31,[0 0 1 0 0 0 1 0 0 0],0.0025318077645497634
32,[0 0 1 0 0 0 0 1 0 0],0.002990699205144004
33,[0 0 1 0 0 0 0 0 1 0],0.004089182623381677
34,[0 0 1 0 0 0 0 0 0 1],0.003091251115858235
35,[0 0 0 1 1 0 0 0 0 0],0.002094503253711742
36,[0 0 0 1 0 1 0 0 0 0],0.002145106534821935
37,[0 0 0 1 0 0 1 0 0 0],0.002318397267406312
38,[0 0 0 1 0 0 0 1 0 0],0.002738607947224267
39,[0 0 0 1 0 0 0 0 1 0],0.0037444982801288487
40,[0 0 0 1 0 0 0 0 0 1],0.0028306841618154694
41,[0 0 0 0 1 1 0 0 0 0],0.0017372865166877262
42,[0 0 0 0 1 0 1 0 0 0],0.0018776318320828738
43,[0 0 0 0 1 0 0 1 0 0],0.0022179535533425197
44,[0 0 0 0 1 0 0 0 1 0],0.0030326075969780357
45,[0 0 0 0 1 0 0 0 0 1],0.0022925245657935264
46,[0 0 0 0 0 1 1 0 0 0],0.001922995491104151
47,[0 0 0 0 0 1 0 1 0 0],0.002271539398554384
48,[0 0 0 0 0 1 0 0 1 0],0.0031058755159725916
49,[0 0 0 0 0 1 0 0 0 1],0.002347912049603489
50,[0 0 0 0 0 0 1 1 0 0],0.00245504390990605
51,[0 0 0 0 0 0 1 0 1 0],0.003356781209811918
52,[0 0 0 0 0 0 1 0 0 1],0.0025375862650863345
53,[0 0 0 0 0 0 0 1 1 0],0.003965199505505154
54,[0 0 0 0 0 0 0 1 0 1],0.002997525061831713
55,[0 0 0 0 0 0 0 0 1 1],0.004098515616318267
56,[1 1 1 0 0 0 0 0 0 0],0.0015415188396095021
57,[1 1 0 1 0 0 0 0 0 0],0.001411581525045826
58,[1 1 0 0 1 0 0 0 0 0],0.0011432166705282905
59,[1 1 0 0 0 1 0 0 0 0],0.0011708368303184854
60,[1 1 0 0 0 0 1 0 0 0],0.0012654219564038449
61,[1 1 0 0 0 0 0 1 0 0],0.0014947803273925708
62,[1 1 0 0 0 0 0 0 1 0],0.002043812941814106
63,[1 1 0 0 0 0 0 0 0 1],0.0015450371428418965
64,[1 0 1 1 0 0 0 0 0 0],0.002181564493383782
65,[1 0 1 0 1 0 0 0 0 0],0.0017668132179528054
66,[1 0 1 0 0 1 0 0 0 0],0.0018094994948916598
67,[1 0 1 0 0 0 1 0 0 0],0.0019556784785414692
68,[1 0 1 0 0 0 0 1 0 0],0.002310146194030383
69,[1 0 1 0 0 0 0 0 1 0],0.0031586625822657742
70,[1 0 1 0 0 0 0 0 0 1],0.002387816864968947
71,[1 0 0 1 1 0 0 0 0 0],0.0016178854468627353
72,[1 0 0 1 0 1 0 0 0 0],0.0016569736229859284
73,[1 0 0 1 0 0 1 0 0 0],0.0017908309248677
74,[1 0 0 1 0 0 0 1 0 0],0.0021154199376987736
75,[1 0 0 1 0 0 0 0 1 0],0.002892413398015551
76,[1 0 0 1 0 0 0 0 0 1],0.0021865436121668485
77,[1 0 0 0 1 1 0 0 0 0],0.0013419556963680688
78,[1 0 0 0 1 0 1 0 0 0],0.0014503645245285332
79,[1 0 0 0 1 0 0 1 0 0],0.0017132438297296677
80,[1 0 0 0 1 0 0 0 1 0],0.0023425180593543184
81,[1 0 0 0 1 0 0 0 0 1],0.0017708457243977712
82,[1 0 0 0 0 1 1 0 0 0],0.00148540538856964
83,[1 0 0 0 0 1 0 1 0 0],0.0017546358681390028
84,[1 0 0 0 0 1 0 0 1 0],0.0023991133879379062
85,[1 0 0 0 0 1 0 0 0 1],0.001813629426851172
86,[1 0 0 0 0 0 1 1 0 0],0.0018963827371512095
87,[1 0 0 0 0 0 1 0 1 0],0.0025929238629888614
88,[1 0 0 0 0 0 1 0 0 1],0.001960142043783605
89,[1 0 0 0 0 0 0 1 1 0],0.003062892627402433
90,[1 0 0 0 0 0 0 1 0 1],0.002315418782735053
91,[1 0 0 0 0 0 0 0 1 1],0.003165871792096804
92,[0 1 1 1 0 0 0 0 0 0],0.001358112340561371
93,[0 1 1 0 1 0 0 0 0 0],0.0010999128570555285
94,[0 1 1 0 0 1 0 0 0 0],0.0011264867950065251
95,[0 1 1 0 0 0 1 0 0 0],0.0012174891386125095
96,[0 1 1 0 0 0 0 1 0 0],0.001438159662081375
97,[0 1 1 0 0 0 0 0 1 0],0.0019663955137034436
98,[0 1 1 0 0 0 0 0 0 1],0.001486512803609512
99,[0 1 0 1 1 0 0 0 0 0],0.0010071992818286048
100,[0 1 0 1 0 1 0 0 0 0],0.0010315332561502183
101,[0 1 0 1 0 0 1 0 0 0],0.0011148648533187747
102,[0 1 0 1 0 0 0 1 0 0],0.0013169346730621063
103,[0 1 0 1 0 0 0 0 1 0],0.0018006446024233643
104,[0 1 0 1 0 0 0 0 0 1],0.0013612120438637081
105,[0 1 0 0 1 1 0 0 0 0],0.0008354218255987549
106,[0 1 0 0 1 0 1 0 0 0],0.0009029107161619474
107,[0 1 0 0 1 0 0 1 0 0],0.0010665637411147383
108,[0 1 0 0 1 0 0 0 1 0],0.0014583124606425738
109,[0 1 0 0 1 0 0 0 0 1],0.0011024232558005163
110,[0 1 0 0 0 1 1 0 0 0],0.0009247250746292257
111,[0 1 0 0 0 1 0 1 0 0],0.0010923319631110154
112,[0 1 0 0 0 1 0 0 1 0],0.0014935453471332577
113,[0 1 0 0 0 1 0 0 0 1],0.0011290578450840743
114,[0 1 0 0 0 0 1 1 0 0],0.0011805751356714642
115,[0 1 0 0 0 0 1 0 1 0],0.0016142002251783685
116,[0 1 0 0 0 0 1 0 0 1],0.0012202678889344132
117,[0 1 0 0 0 0 0 1 1 0],0.0019067748341638875
118,[0 1 0 0 0 0 0 1 0 1],0.0014414420623075589
119,[0 1 0 0 0 0 0 0 1 1],0.001970883539093897
120,[0 0 1 1 1 0 0 0 0 0],0.0015566016925076974
121,[0 0 1 1 0 1 0 0 0 0],0.0015942092507117633
122,[0 0 1 1 0 0 1 0 0 0],0.0017229961824860235
123,[0 0 1 1 0 0 0 1 0 0],0.0020352901138777674
124,[0 0 1 1 0 0 0 0 1 0],0.002782851900617247
125,[0 0 1 1 0 0 0 0 0 1],0.002103719700329054
126,[0 0 1 0 1 1 0 0 0 0],0.0012911238631186646
127,[0 0 1 0 1 0 1 0 0 0],0.0013954262818866802
128,[0 0 1 0 1 0 0 1 0 0],0.0016483480027630352
129,[0 0 1 0 1 0 0 0 1 0],0.0022537860038184423
130,[0 0 1 0 1 0 0 0 0 1],0.0017037679998375417
131,[0 0 1 0 0 1 1 0 0 0],0.0014291398358215939
132,[0 0 1 0 0 1 0 1 0 0],0.0016881721554366706
133,[0 0 1 0 0 1 0 0 1 0],0.002308237562445211
134,[0 0 1 0 0 1 0 0 0 1],0.0017449311018234393
135,[0 0 1 0 0 0 1 1 0 0],0.001824549806054593
136,[0 0 1 0 0 0 1 0 1 0],0.0024947067059034457
137,[0 0 1 0 0 0 1 0 0 1],0.0018858939789745963
138,[0 0 1 0 0 0 0 1 1 0],0.002946873560813035
139,[0 0 1 0 0 0 0 1 0 1],0.0022277132185461106
140,[0 0 1 0 0 0 0 0 1 1],0.0030459519859061842
141,[0 0 0 1 1 1 0 0 0 0],0.0011822927783262031
142,[0 0 0 1 1 0 1 0 0 0],0.0012778033640987523
143,[0 0 0 1 1 0 0 1 0 0],0.001509405871507809
144,[0 0 0 1 1 0 0 0 1 0],0.002063810446327654
145,[0 0 0 1 1 0 0 0 0 1],0.0015601544202626751
146,[0 0 0 1 0 1 1 0 0 0],0.0013086751437068535
147,[0 0 0 1 0 1 0 1 0 0],0.0015458731768175178
148,[0 0 0 1 0 1 0 0 1 0],0.002113672188002487
149,[0 0 0 1 0 1 0 0 0 1],0.001597847812509239
150,[0 0 0 1 0 0 1 1 0 0],0.0016707553171423028
151,[0 0 0 1 0 0 1 0 1 0],0.0022844235217736927
152,[0 0 0 1 0 0 1 0 0 1],0.001726928682616726
153,[0 0 0 1 0 0 0 1 1 0],0.0026984764429758357
154,[0 0 0 1 0 0 0 1 0 1],0.0020399353816503824
155,[0 0 0 1 0 0 0 0 1 1],0.002789203374621741
156,[0 0 0 0 1 1 1 0 0 0],0.0010598744840777873
157,[0 0 0 0 1 1 0 1 0 0],0.001251977271523826
158,[0 0 0 0 1 1 0 0 1 0],0.0017118283559839056
159,[0 0 0 0 1 1 0 0 0 1],0.0012940706744999535
160,[0 0 0 0 1 0 1 1 0 0],0.001353117263892253
161,[0 0 0 0 1 0 1 0 1 0],0.0018501170540283528
162,[0 0 0 0 1 0 1 0 0 1],0.0013986111490916597
163,[0 0 0 0 1 0 0 1 1 0],0.0021854517078195032
164,[0 0 0 0 1 0 0 1 0 1],0.0016521101287631959
165,[0 0 0 0 1 0 0 0 1 1],0.0022589299581955223
166,[0 0 0 0 0 1 1 1 0 0],0.0013858086302859084
167,[0 0 0 0 0 1 1 0 1 0],0.0018948159549280516
168,[0 0 0 0 0 1 1 0 0 1],0.0014324016495436945
169,[0 0 0 0 0 1 0 1 1 0],0.0022382523071633144
170,[0 0 0 0 0 1 0 1 0 1],0.001692025174549182
171,[0 0 0 0 0 1 0 0 1 1],0.002313505794962657
172,[0 0 0 0 0 0 1 1 1 0],0.0024190677471988835
173,[0 0 0 0 0 0 1 1 0 1],0.0018287140882646846
174,[0 0 0 0 0 0 1 0 1 1],0.0025004005284126017
175,[0 0 0 0 0 0 0 1 1 1],0.0029535993915379404
176,[1 1 1 1 0 0 0 0 0 0],0.0010490650645230896
177,[1 1 1 0 1 0 0 0 0 0],0.0008496205489744549
178,[1 1 1 0 0 1 0 0 0 0],0.0008701474149034337
179,[1 1 1 0 0 0 1 0 0 0],0.0009404415846974458
180,[1 1 1 0 0 0 0 1 0 0],0.001110897098595155
181,[1 1 1 0 0 0 0 0 1 0],0.0015189294543988415
182,[1 1 1 0 0 0 0 0 0 1],0.0011482471689995975
183,[1 1 0 1 1 0 0 0 0 0],0.0007780045494192221
184,[1 1 0 1 0 1 0 0 0 0],0.0007968011699780595
185,[1 1 0 1 0 0 1 0 0 0],0.0008611701214628156
186,[1 1 0 1 0 0 0 1 0 0],0.0010172576424697926
187,[1 1 0 1 0 0 0 0 1 0],0.0013908962385568268
188,[1 1 0 1 0 0 0 0 0 1],0.0010514594102246568
189,[1 1 0 0 1 1 0 0 0 0],0.0006453161680376846
190,[1 1 0 0 1 0 1 0 0 0],0.0006974475236102305
191,[1 1 0 0 1 0 0 1 0 0],0.0008238602407721511
192,[1 1 0 0 1 0 0 0 1 0],0.0011264639970699796
193,[1 1 0 0 1 0 0 0 0 1],0.0008515596901947611
194,[1 1 0 0 0 1 1 0 0 0],0.0007142978832524569
195,[1 1 0 0 0 1 0 1 0 0],0.0008437647366402879
196,[1 1 0 0 0 1 0 0 1 0],0.0011536794116095497
197,[1 1 0 0 0 1 0 0 0 1],0.0008721334058520036
198,[1 1 0 0 0 0 1 1 0 0],0.0009119276026647472
199,[1 1 0 0 0 0 1 0 1 0],0.001246878489212438
200,[1 1 0 0 0 0 1 0 0 1],0.0009425880123519773
201,[1 1 0 0 0 0 0 1 1 0],0.0014728758473737979
202,[1 1 0 0 0 0 0 1 0 1],0.0011134325673500067
203,[1 1 0 0 0 0 0 0 1 1],0.0015223962004883957
204,[1 0 1 1 1 0 0 0 0 0],0.0012023868764143273
205,[1 0 1 1 0 1 0 0 0 0],0.001231436590709388
206,[1 0 1 1 0 0 1 0 0 0],0.0013309172204455477
207,[1 0 1 1 0 0 0 1 0 0],0.0015721466412386975
208,[1 0 1 1 0 0 0 0 1 0],0.0021495958923931973
209,[1 0 1 1 0 0 0 0 0 1],0.0016250046312457202
210,[1 0 1 0 1 1 0 0 0 0],0.0009973202498182261
211,[1 0 1 0 1 0 1 0 0 0],0.0010778879763654675
212,[1 0 1 0 1 0 0 1 0 0],0.0012732557184189494
213,[1 0 1 0 1 0 0 0 1 0],0.0017409223735789976
214,[1 0 1 0 1 0 0 0 0 1],0.0013160645355325654
215,[1 0 1 0 0 1 1 0 0 0],0.001103929792331453
216,[1 0 1 0 0 1 0 1 0 0],0.0013040176267282986
217,[1 0 1 0 0 1 0 0 1 0],0.0017829831266979645
218,[1 0 1 0 0 1 0 0 0 1],0.0013478607065495786
219,[1 0 1 0 0 0 1 1 0 0],0.0014093616579782173
220,[1 0 1 0 0 0 1 0 1 0],0.0019270200065430586
221,[1 0 1 0 0 0 1 0 0 1],0.0014567465662810447
222,[1 0 1 0 0 0 0 1 1 0],0.002276293359456455
223,[1 0 1 0 0 0 0 1 0 1],0.0017207826197846174
224,[1 0 1 0 0 0 0 0 1 1],0.002352825845988628
225,[1 0 0 1 1 1 0 0 0 0],0.0009132543845874239
226,[1 0 0 1 1 0 1 0 0 0],0.0009870309167885093
227,[1 0 0 1 1 0 0 1 0 0],0.0011659307707419472
228,[1 0 0 1 1 0 0 0 1 0],0.0015941769869679719
229,[1 0 0 1 1 0 0 0 0 1],0.0012051311579146097
230,[1 0 0 1 0 1 1 0 0 0],0.0010108776226163414
231,[1 0 0 1 0 1 0 1 0 0],0.0011940997040879916
232,[1 0 0 1 0 1 0 0 1 0],0.0016326923657662535
233,[1 0 0 1 0 1 0 0 0 1],0.001234247174158812
234,[1 0 0 1 0 0 1 1 0 0],0.0012905641030076342
235,[1 0 0 1 0 0 1 0 1 0],0.001764588125513235
236,[1 0 0 1 0 0 1 0 0 1],0.0013339548546530734
237,[1 0 0 1 0 0 0 1 1 0],0.0020844206176599124
238,[1 0 0 1 0 0 0 1 0 1],0.00157573484818599
239,[1 0 0 1 0 0 0 0 1 1],0.00215450204727254
240,[1 0 0 0 1 1 1 0 0 0],0.0008186931675812986
241,[1 0 0 0 1 1 0 1 0 0],0.0009670817191674232
242,[1 0 0 0 1 1 0 0 1 0],0.001322290705333267
243,[1 0 0 0 1 1 0 0 0 1],0.0009995964951475123
244,[1 0 0 0 1 0 1 1 0 0],0.001045206649963643
245,[1 0 0 0 1 0 1 0 1 0],0.0014291109127668041
246,[1 0 0 0 1 0 1 0 0 1],0.001080348106370993
247,[1 0 0 0 1 0 0 1 1 0],0.0016881379900635406
248,[1 0 0 0 1 0 0 1 0 1],0.001276161748234915
249,[1 0 0 0 1 0 0 0 1 1],0.0017448957877578752
250,[1 0 0 0 0 1 1 1 0 0],0.0010704588837964731
251,[1 0 0 0 0 1 1 0 1 0],0.0014636382887105877
252,[1 0 0 0 0 1 1 0 0 1],0.001106449359174814
253,[1 0 0 0 0 1 0 1 1 0],0.0017289234703976467
254,[1 0 0 0 0 1 0 1 0 1],0.0013069938663390842
255,[1 0 0 0 0 1 0 0 1 1],0.0017870525387199126
256,[1 0 0 0 0 0 1 1 1 0],0.0018685931837214198
257,[1 0 0 0 0 0 1 1 0 1],0.001412578330748908
258,[1 0 0 0 0 0 1 0 1 1],0.0019314181627924029
259,[1 0 0 0 0 0 0 1 1 1],0.0022814886837552377
260,[0 1 1 1 1 0 0 0 0 0],0.0007485345768781099
261,[0 1 1 1 0 1 0 0 0 0],0.0007666192017395596
262,[0 1 1 1 0 0 1 0 0 0],0.0008285499268229767
263,[0 1 1 1 0 0 0 1 0 0],0.000978725021017643
264,[0 1 1 1 0 0 0 0 1 0],0.0013382105903965373
265,[0 1 1 1 0 0 0 0 0 1],0.0010116312627279028
266,[0 1 1 0 1 1 0 0 0 0],0.0006208722881572876
267,[0 1 1 0 1 0 1 0 0 0],0.0006710289642521864
268,[0 1 1 0 1 0 0 1 0 0],0.0007926533041399765
269,[0 1 1 0 1 0 0 0 1 0],0.0010837947567847075
270,[0 1 1 0 1 0 0 0 0 1],0.0008193035283176987
271,[0 1 1 0 0 1 1 0 0 0],0.0006872410504597202
272,[0 1 1 0 0 1 0 1 0 0],0.0008118038391898683
273,[0 1 1 0 0 1 0 0 1 0],0.0011099792807982842
274,[0 1 1 0 0 1 0 0 0 1],0.0008390979338334515
275,[0 1 1 0 0 0 1 1 0 0],0.0008773847694254379
276,[0 1 1 0 0 0 1 0 1 0],0.0011996480779421902
277,[0 1 1 0 0 0 1 0 0 1],0.0009068837958890655
278,[0 1 1 0 0 0 0 1 1 0],0.0014170849001216576
279,[0 1 1 0 0 0 0 1 0 1],0.001071256943556188
280,[0 1 1 0 0 0 0 0 1 1],0.0014647294757133573
281,[0 1 0 1 1 1 0 0 0 0],0.0005685378789128315
282,[0 1 0 1 1 0 1 0 0 0],0.0006144667612034962
283,[0 1 0 1 1 0 0 1 0 0],0.0007258391731196485
284,[0 1 0 1 1 0 0 0 1 0],0.0009924398043726624
285,[0 1 0 1 1 0 0 0 0 1],0.0007502430033687371
286,[0 1 0 1 0 1 1 0 0 0],0.0006293123023574415
287,[0 1 0 1 0 1 0 1 0 0],0.0007433754761323432
288,[0 1 0 1 0 1 0 0 1 0],0.0010164171891375784
289,[0 1 0 1 0 1 0 0 0 1],0.0007683689038814937
290,[0 1 0 1 0 0 1 1 0 0],0.0008034284752506022
291,[0 1 0 1 0 0 1 0 1 0],0.0010985276468037871
292,[0 1 0 1 0 0 1 0 0 1],0.0008304409772667587
293,[0 1 0 1 0 0 0 1 1 0],0.0012976363395856168
294,[0 1 0 1 0 0 0 1 0 1],0.0009809588253128561
295,[0 1 0 1 0 0 0 0 1 1],0.0013412648707107563
296,[0 1 0 0 1 1 1 0 0 0],0.0005096696876931787
297,[0 1 0 0 1 1 0 1 0 0],0.0006020475769182446
298,[0 1 0 0 1 1 0 0 1 0],0.000823179571435566
299,[0 1 0 0 1 1 0 0 0 1],0.0006222893431566811
300,[0 1 0 0 1 0 1 1 0 0],0.0006506835136240512
301,[0 1 0 0 1 0 1 0 1 0],0.0008896794811915187
302,[0 1 0 0 1 0 1 0 0 1],0.0006725604949174599
303,[0 1 0 0 1 0 0 1 1 0],0.001050934338099549
304,[0 1 0 0 1 0 0 1 0 1],0.0007944624255146009
305,[0 1 0 0 1 0 0 0 1 1],0.0010862683681983792
306,[0 1 0 0 0 1 1 1 0 0],0.0006664040529430212
307,[0 1 0 0 0 1 1 0 1 0],0.0009111741725007457
308,[0 1 0 0 0 1 1 0 0 1],0.0006888095829661925
309,[0 1 0 0 0 1 0 1 1 0],0.0010763249531033515
310,[0 1 0 0 0 1 0 1 0 1],0.0008136566690081632
311,[0 1 0 0 0 1 0 0 1 1],0.0011125126547611435
312,[0 1 0 0 0 0 1 1 1 0],0.0011632750120371877
313,[0 1 0 0 0 0 1 1 0 1],0.000879387278633243
314,[0 1 0 0 0 0 1 0 1 1],0.0012023861085143166
315,[0 1 0 0 0 0 0 1 1 1],0.0014203192001227781
316,[0 0 1 1 1 1 0 0 0 0],0.0008786612942810339
317,[0 0 1 1 1 0 1 0 0 0],0.0009496432510779427
318,[0 0 1 1 1 0 0 1 0 0],0.0011217665716710646
319,[0 0 1 1 1 0 0 0 1 0],0.0015337912834824466
320,[0 0 1 1 1 0 0 0 0 1],0.0011594820904911685
321,[0 0 1 1 0 1 1 0 0 0],0.0009725866694295424
322,[0 0 1 1 0 1 0 1 0 0],0.0011488684962279703
323,[0 0 1 1 0 1 0 0 1 0],0.0015708477413059819
324,[0 0 1 1 0 1 0 0 0 1],0.0011874952234683467
325,[0 0 1 1 0 0 1 1 0 0],0.0012416789278417934
326,[0 0 1 1 0 0 1 0 1 0],0.001697747432044197
327,[0 0 1 1 0 0 1 0 0 1],0.0012834260846515933
328,[0 0 1 1 0 0 0 1 1 0],0.002005465014620803
329,[0 0 1 1 0 0 0 1 0 1],0.001516047713010779
330,[0 0 1 1 0 0 0 0 1 1],0.002072891835326751
331,[0 0 1 0 1 1 1 0 0 0],0.0007876819541041698
332,[0 0 1 0 1 1 0 1 0 0],0.0009304497075292516
333,[0 0 1 0 1 1 0 0 1 0],0.0012722037607175469
334,[0 0 1 0 1 1 0 0 0 1],0.0009617328588921982
335,[0 0 1 0 1 0 1 1 0 0],0.001005615350276244
336,[0 0 1 0 1 0 1 0 1 0],0.0013749777339969879
337,[0 0 1 0 1 0 1 0 0 1],0.001039425686247149
338,[0 0 1 0 1 0 0 1 1 0],0.0016241931452038053
339,[0 0 1 0 1 0 0 1 0 1],0.0012278221187217264
340,[0 0 1 0 1 0 0 0 1 1],0.0016788010187867774
341,[0 0 1 0 0 1 1 1 0 0],0.0010299110567491626
342,[0 0 1 0 0 1 1 0 1 0],0.0014081972502094373
343,[0 0 1 0 0 1 1 0 0 1],0.001064538251768882
344,[0 0 1 0 0 1 0 1 1 0],0.0016634337155673725
345,[0 0 1 0 0 1 0 1 0 1],0.0012574863494728044
346,[0 0 1 0 0 1 0 0 1 1],0.0017193609175270622
347,[0 0 1 0 0 0 1 1 1 0],0.0017978128909122237
348,[0 0 1 0 0 0 1 1 0 1],0.001359071388340389
349,[0 0 1 0 0 0 1 0 1 1],0.001858258127590312
350,[0 0 1 0 0 0 0 1 1 1],0.002195068355090944
351,[0 0 0 1 1 1 1 0 0 0],0.0007212868668585987
352,[0 0 0 1 1 1 0 1 0 0],0.0008520204770674721
353,[0 0 0 1 1 1 0 0 1 0],0.0011649674843919697
354,[0 0 0 1 1 1 0 0 0 1],0.0008806667169800079
355,[0 0 0 1 1 0 1 1 0 0],0.0009208502765441534
356,[0 0 0 1 1 0 1 0 1 0],0.0012590784600149225
357,[0 0 0 1 1 0 1 0 0 1],0.0009518106802614455
358,[0 0 0 1 1 0 0 1 1 0],0.0014872870690678982
359,[0 0 0 1 1 0 0 1 0 1],0.0011243268484926589
360,[0 0 0 1 1 0 0 0 1 1],0.0015372919496383418
361,[0 0 0 1 0 1 1 1 0 0],0.0009430980554968884
362,[0 0 0 1 0 1 1 0 1 0],0.001289497845202802
363,[0 0 0 1 0 1 1 0 0 1],0.0009748064637874915
364,[0 0 0 1 0 1 0 1 1 0],0.0015232199832394201
365,[0 0 0 1 0 1 0 1 0 1],0.0011514906294384205
366,[0 0 0 1 0 1 0 0 1 1],0.0015744329836940908
367,[0 0 0 1 0 0 1 1 1 0],0.001646272103261344
368,[0 0 0 1 0 0 1 1 0 1],0.0012445128880070348
369,[0 0 0 1 0 0 1 0 1 1],0.001701622305399273
370,[0 0 0 1 0 0 0 1 1 1],0.002010042210735501
371,[0 0 0 0 1 1 1 1 0 0],0.000763799610477231
372,[0 0 0 0 1 1 1 0 1 0],0.0010443431052969427
373,[0 0 0 0 1 1 1 0 0 1],0.0007894797290609297
374,[0 0 0 0 1 1 0 1 1 0],0.001233630822466734
375,[0 0 0 0 1 1 0 1 0 1],0.000932573330108143
376,[0 0 0 0 1 1 0 0 1 1],0.0012751073895857685
377,[0 0 0 0 1 0 1 1 1 0],0.0013332887114776745
378,[0 0 0 0 1 0 1 1 0 1],0.0010079105280233539
379,[0 0 0 0 1 0 1 0 1 1],0.0013781159302237807
380,[0 0 0 0 1 0 0 1 1 1],0.001627900141087327
381,[0 0 0 0 0 1 1 1 1 0],0.0013655010192639657
382,[0 0 0 0 0 1 1 1 0 1],0.0010322616860810475
383,[0 0 0 0 0 1 1 0 1 1],0.0014114112653806797
384,[0 0 0 0 0 1 0 1 1 1],0.0016672302726174553
385,[0 0 0 0 0 0 1 1 1 1],0.0018019161498168887
386,[1 1 1 1 1 0 0 0 0 0],0.00057820067658454
387,[1 1 1 1 0 1 0 0 0 0],0.0005921700277056046
388,[1 1 1 1 0 0 1 0 0 0],0.0006400080144208579
389,[1 1 1 1 0 0 0 1 0 0],0.0007560097914284719
390,[1 1 1 1 0 0 0 0 1 0],0.0010336920867529563
391,[1 1 1 1 0 0 0 0 0 1],0.0007814280043052631
392,[1 1 1 0 1 1 0 0 0 0],0.0004795887700770732
393,[1 1 1 0 1 0 1 0 0 0],0.0005183319690542723
394,[1 1 1 0 1 0 0 1 0 0],0.0006122799011665915
395,[1 1 1 0 1 0 0 0 1 0],0.0008371702270124224
396,[1 1 1 0 1 0 0 0 0 1],0.0006328656938963746
397,[1 1 1 0 0 1 1 0 0 0],0.0005308548898432332
398,[1 1 1 0 0 1 0 1 0 0],0.0006270726076959072
399,[1 1 1 0 0 1 0 0 1 0],0.000857396292672392
400,[1 1 1 0 0 1 0 0 0 1],0.0006481557539888968
401,[1 1 1 0 0 0 1 1 0 0],0.0006777301716943497
402,[1 1 1 0 0 0 1 0 1 0],0.0009266603731553046
403,[1 1 1 0 0 0 1 0 0 1],0.0007005165032636823
404,[1 1 1 0 0 0 0 1 1 0],0.0010946180354758693
405,[1 1 1 0 0 0 0 1 0 1],0.000827485474543331
406,[1 1 1 0 0 0 0 0 1 1],0.0011314207787206745
407,[1 1 0 1 1 1 0 0 0 0],0.0004391633952600535
408,[1 1 0 1 1 0 1 0 0 0],0.00047464086234780083
409,[1 1 0 1 1 0 0 1 0 0],0.000560669759224341
410,[1 1 0 1 1 0 0 0 1 0],0.0007666036868342866
411,[1 1 0 1 1 0 0 0 0 1],0.0005795203395410535
412,[1 1 0 1 0 1 1 0 0 0],0.00048610820427778193
413,[1 1 0 1 0 1 0 1 0 0],0.0005742155626914565
414,[1 1 0 1 0 1 0 0 1 0],0.0007851248621040026
415,[1 1 0 1 0 1 0 0 0 1],0.0005935215737711275
416,[1 1 0 1 0 0 1 1 0 0],0.0006206031121696985
417,[1 1 0 1 0 0 1 0 1 0],0.0008485505523042817
418,[1 1 0 1 0 0 1 0 0 1],0.0006414687440649184
419,[1 1 0 1 0 0 0 1 1 0],0.0010023507700049322
420,[1 1 0 1 0 0 0 1 0 1],0.0007577352790609023
421,[1 1 0 1 0 0 0 0 1 1],0.0010360513457621067
422,[1 1 0 0 1 1 1 0 0 0],0.0003936910429547387
423,[1 1 0 0 1 1 0 1 0 0],0.00046504774403614016
424,[1 1 0 0 1 1 0 0 1 0],0.0006358597182506919
425,[1 1 0 0 1 1 0 0 0 1],0.0004806833650159254
426,[1 1 0 0 1 0 1 1 0 0],0.0005026162577404838
427,[1 1 0 0 1 0 1 0 1 0],0.000687227142016293
428,[1 1 0 0 1 0 1 0 0 1],0.0005195149899783882
429,[1 1 0 0 1 0 0 1 1 0],0.0008117874098340199
430,[1 1 0 0 1 0 0 1 0 1],0.0006136773452328283
431,[1 1 0 0 1 0 0 0 1 1],0.0008390809520973706
432,[1 1 0 0 0 1 1 1 0 0],0.0005147594863250764
433,[1 1 0 0 0 1 1 0 1 0],0.0007038305768366387
434,[1 1 0 0 0 1 1 0 0 1],0.0005320664925994739
435,[1 1 0 0 0 1 0 1 1 0],0.000831400225631154
436,[1 1 0 0 0 1 0 1 0 1],0.0006285038140658282
437,[1 1 0 0 0 1 0 0 1 1],0.0008593531809506545
438,[1 1 0 0 0 0 1 1 1 0],0.000898564234425896
439,[1 1 0 0 0 0 1 1 0 1],0.0006792769969374115
440,[1 1 0 0 0 0 1 0 1 1],0.0009287753471033557
441,[1 1 0 0 0 0 0 1 1 1],0.0010971163495239983
442,[1 0 1 1 1 1 0 0 0 0],0.0006787162150355417
443,[1 0 1 1 1 0 1 0 0 0],0.0007335457669534224
444,[1 0 1 1 1 0 0 1 0 0],0.0008665013090180166
445,[1 0 1 1 1 0 0 0 1 0],0.001184767123982079
446,[1 0 1 1 1 0 0 0 0 1],0.0008956344167903675
447,[1 0 1 1 0 1 1 0 0 0],0.0007512682615766962
448,[1 0 1 1 0 1 0 1 0 0],0.0008874360147745654
449,[1 0 1 1 0 1 0 0 1 0],0.001213391144364351
450,[1 0 1 1 0 1 0 0 0 1],0.000917272979578222
451,[1 0 1 1 0 0 1 1 0 0],0.0009591268304173466
452,[1 0 1 1 0 0 1 0 1 0],0.0013114139870087369
453,[1 0 1 1 0 0 1 0 0 1],0.000991374150793086
454,[1 0 1 1 0 0 0 1 1 0],0.0015491084368560747
455,[1 0 1 1 0 0 0 1 0 1],0.0011710612181112608
456,[1 0 1 1 0 0 0 0 1 1],0.0016011918469701703
457,[1 0 1 0 1 1 1 0 0 0],0.0006084398140910816
458,[1 0 1 0 1 1 0 1 0 0],0.0007187198387882962
459,[1 0 1 0 1 1 0 0 1 0],0.0009827055394931528
460,[1 0 1 0 1 1 0 0 0 1],0.000742884306058721
461,[1 0 1 0 1 0 1 1 0 0],0.0007767810517699104
462,[1 0 1 0 1 0 1 0 1 0],0.0010620926282409989
463,[1 0 1 0 1 0 1 0 0 1],0.0008028976263915679
464,[1 0 1 0 1 0 0 1 1 0],0.0012545974554409062
465,[1 0 1 0 1 0 0 1 0 1],0.0009484232281309418
466,[1 0 1 0 1 0 0 0 1 1],0.001296778953033447
467,[1 0 1 0 0 1 1 1 0 0],0.0007955481125773482
468,[1 0 1 0 0 1 1 0 1 0],0.0010877528279741335
469,[1 0 1 0 0 1 1 0 0 1],0.0008222956646705723
470,[1 0 1 0 0 1 0 1 1 0],0.0012849085793817743
471,[1 0 1 0 0 1 0 1 0 1],0.0009713371706800858
472,[1 0 1 0 0 1 0 0 1 1],0.0013281091836176407
473,[1 0 1 0 0 0 1 1 1 0],0.00138870890137534
474,[1 0 1 0 0 0 1 1 0 1],0.0010498058747566228
475,[1 0 1 0 0 0 1 0 1 1],0.0014353994322113984
476,[1 0 1 0 0 0 0 1 1 1],0.0016955663068448606
477,[1 0 0 1 1 1 1 0 0 0],0.0005571533597934195
478,[1 0 0 1 1 1 0 1 0 0],0.0006581376886541814
479,[1 0 0 1 1 1 0 0 1 0],0.000899871573713704
480,[1 0 0 1 1 1 0 0 0 1],0.0006802652907859509
481,[1 0 0 1 1 0 1 1 0 0],0.0007113048206156431
482,[1 0 0 1 1 0 1 0 1 0],0.0009725669861369612
483,[1 0 0 1 1 0 1 0 0 1],0.0007352199835615276
484,[1 0 0 1 1 0 0 1 1 0],0.001148845245328632
485,[1 0 0 1 1 0 0 1 0 1],0.0008684789782349327
486,[1 0 0 1 1 0 0 0 1 1],0.0011874711908379837
487,[1 0 0 1 0 1 1 1 0 0],0.0007284899730993465
488,[1 0 0 1 0 1 1 0 1 0],0.000996064242830531
489,[1 0 0 1 0 1 1 0 0 1],0.0007529829273239994
490,[1 0 0 1 0 1 0 1 1 0],0.001176601391707708
491,[1 0 0 1 0 1 0 1 0 1],0.0008894614645576607
492,[1 0 0 1 0 1 0 0 1 1],0.0012161605415820054
493,[1 0 0 1 0 0 1 1 1 0],0.0012716522033196127
494,[1 0 0 1 0 0 1 1 0 1],0.0009613159045571009
495,[1 0 0 1 0 0 1 0 1 1],0.0013144071077873768
496,[1 0 0 1 0 0 0 1 1 1],0.0015526440622929342
497,[1 0 0 0 1 1 1 1 0 0],0.0005899920527316632
498,[1 0 0 0 1 1 1 0 1 0],0.0008066960548268967
499,[1 0 0 0 1 1 1 0 0 1],0.000609828493690467
500,[1 0 0 0 1 1 0 1 1 0],0.0009529101236454413
501,[1 0 0 0 1 1 0 1 0 1],0.0007203602172689351
502,[1 0 0 0 1 1 0 0 1 1],0.0009849484287704363
503,[1 0 0 0 1 0 1 1 1 0],0.0010298902133207058
504,[1 0 0 0 1 0 1 1 0 1],0.0007785539469269996
505,[1 0 0 0 1 0 1 0 1 1],0.0010645167075522773
506,[1 0 0 0 1 0 0 1 1 1],0.0012574609003560195
507,[1 0 0 0 0 1 1 1 1 0],0.0010547724014409426
508,[1 0 0 0 0 1 1 1 0 1],0.000797363840951265
509,[1 0 0 0 0 1 1 0 1 1],0.001090235473137054
510,[1 0 0 0 0 1 0 1 1 1],0.0012878412052388258
511,[1 0 0 0 0 0 1 1 1 1],0.0013918784370897412
512,[0 1 1 1 1 1 0 0 0 0],0.0004225283598877841
513,[0 1 1 1 1 0 1 0 0 0],0.0004566619788172082
514,[0 1 1 1 1 0 0 1 0 0],0.0005394321939410689
515,[0 1 1 1 1 0 0 0 1 0],0.0007375655666616134
516,[0 1 1 1 1 0 0 0 0 1],0.0005575687346230104
517,[0 1 1 1 0 1 1 0 0 0],0.00046769495021291876
518,[0 1 1 1 0 1 0 1 0 0],0.0005524648969944131
519,[0 1 1 1 0 1 0 0 1 0],0.0007553851798041735
520,[0 1 1 1 0 1 0 0 0 1],0.0005710396172136116
521,[0 1 1 1 0 0 1 1 0 0],0.000597095336169902
522,[0 1 1 1 0 0 1 0 1 0],0.000816408373322398
523,[0 1 1 1 0 0 1 0 0 1],0.0006171706004516368
524,[0 1 1 1 0 0 0 1 1 0],0.0009643828047910285
525,[0 1 1 1 0 0 0 1 0 1],0.0007290330846019801
526,[0 1 1 1 0 0 0 0 1 1],0.0009968068391154761
527,[0 1 1 0 1 1 1 0 0 0],0.0003787784512041909
528,[0 1 1 0 1 1 0 1 0 0],0.0004474322374722239
529,[0 1 1 0 1 1 0 0 1 0],0.0006117740384807788
530,[0 1 1 0 1 1 0 0 0 1],0.000462475598006641
531,[0 1 1 0 1 0 1 1 0 0],0.00048357769642951763
532,[0 1 1 0 1 0 1 0 1 0],0.0006611957196809796
533,[0 1 1 0 1 0 1 0 0 1],0.0004998363229310193
534,[0 1 1 0 1 0 0 1 1 0],0.0007810377790061696
535,[0 1 1 0 1 0 0 1 0 1],0.000590431909808814
536,[0 1 1 0 1 0 0 0 1 1],0.0008072974713496826
537,[0 1 1 0 0 1 1 1 0 0],0.0004952609526229262
538,[0 1 1 0 0 1 1 0 1 0],0.0006771702343123507
539,[0 1 1 0 0 1 1 0 0 1],0.0005119123881811163
540,[0 1 1 0 0 1 0 1 1 0],0.0007999076825113041
541,[0 1 1 0 0 1 0 1 0 1],0.0006046967680063538
542,[0 1 1 0 0 1 0 0 1 1],0.0008268018100561807
543,[0 1 1 0 0 0 1 1 1 0],0.0008645275911508352
544,[0 1 1 0 0 0 1 1 0 1],0.0006535467175161688
545,[0 1 1 0 0 0 1 0 1 1],0.0008935943394904439
546,[0 1 1 0 0 0 0 1 1 1],0.0010555587664494354
547,[0 1 0 1 1 1 1 0 0 0],0.0003468505541850869
548,[0 1 0 1 1 1 0 1 0 0],0.0004097173929354648
549,[0 1 0 1 1 1 0 0 1 0],0.0005602065365875782
550,[0 1 0 1 1 1 0 0 0 1],0.000423492722343937
551,[0 1 0 1 1 0 1 1 0 0],0.0004428160880453753
552,[0 1 0 1 1 0 1 0 1 0],0.0006054623779865588
553,[0 1 0 1 1 0 1 0 0 1],0.0004577042465306482
554,[0 1 0 1 1 0 0 1 1 0],0.0007152027408806884
555,[0 1 0 1 1 0 0 1 0 1],0.0005406633732058528
556,[0 1 0 1 1 0 0 0 1 1],0.0007392489579057621
557,[0 1 0 1 0 1 1 1 0 0],0.00045351454217466147
558,[0 1 0 1 0 1 1 0 1 0],0.0006200903728873086
559,[0 1 0 1 0 1 1 0 0 1],0.0004687623991553692
560,[0 1 0 1 0 1 0 1 1 0],0.0007324820672715305
561,[0 1 0 1 0 1 0 1 0 1],0.0005537258215987291
562,[0 1 0 1 0 1 0 0 1 1],0.0007571092418470881
563,[0 1 0 1 0 0 1 1 1 0],0.0007916550509820757
564,[0 1 0 1 0 0 1 1 0 1],0.0005984581235697801
565,[0 1 0 1 0 0 1 0 1 1],0.000818271712352067
566,[0 1 0 1 0 0 0 1 1 1],0.000966583874964275
567,[0 1 0 0 1 1 1 1 0 0],0.0003672939718619843
568,[0 1 0 0 1 1 1 0 1 0],0.0005022009986251847
569,[0 1 0 0 1 1 1 0 0 1],0.0003796429605536649
570,[0 1 0 0 1 1 0 1 1 0],0.0005932251841711042
571,[0 1 0 0 1 1 0 1 0 1],0.0004484534395794747
572,[0 1 0 0 1 1 0 0 1 1],0.0006131703279855034
573,[0 1 0 0 1 0 1 1 1 0],0.000641148410865785
574,[0 1 0 0 1 0 1 1 0 1],0.0004846813955402549
575,[0 1 0 0 1 0 1 0 1 1],0.0006627048073275427
576,[0 1 0 0 1 0 0 1 1 1],0.0007828203895535671
577,[0 1 0 0 0 1 1 1 1 0],0.0006566385817265366
578,[0 1 0 0 0 1 1 1 0 1],0.0004963913171476528
579,[0 1 0 0 0 1 1 0 1 1],0.0006787157815758965
580,[0 1 0 0 0 1 0 1 1 1],0.0008017333609997417
581,[0 1 0 0 0 0 1 1 1 1],0.0008665007556301035
582,[0 0 1 1 1 1 1 0 0 0],0.0005360489919249316
583,[0 0 1 1 1 1 0 1 0 0],0.0006332081434125911
584,[0 0 1 1 1 1 0 0 1 0],0.0008657854098375847
585,[0 0 1 1 1 1 0 0 0 1],0.0006544975758605062
586,[0 0 1 1 1 0 1 1 0 0],0.000684361361804828
587,[0 0 1 1 1 0 1 0 1 0],0.0009357271985068707
588,[0 0 1 1 1 0 1 0 0 1],0.0007073706441927421
589,[0 0 1 1 1 0 0 1 1 0],0.001105328227518009
590,[0 0 1 1 1 0 0 1 0 1],0.0008355819319898661
591,[0 0 1 1 1 0 0 0 1 1],0.0011424910639049465
592,[0 0 1 1 0 1 1 1 0 0],0.0007008955592623844
593,[0 0 1 1 0 1 1 0 1 0],0.000958334404480213
594,[0 0 1 1 0 1 1 0 0 1],0.0007244607468191046
595,[0 0 1 1 0 1 0 1 1 0],0.0011320330010326858
596,[0 0 1 1 0 1 0 1 0 1],0.0008557696243795295
597,[0 0 1 1 0 1 0 0 1 1],0.001170093693010541
598,[0 0 1 1 0 0 1 1 1 0],0.0012234833905001392
599,[0 0 1 1 0 0 1 1 0 1],0.0009249022957526535
600,[0 0 1 1 0 0 1 0 1 1],0.0012646187853370102
601,[0 0 1 1 0 0 0 1 1 1],0.0014938315811627782
602,[0 0 1 0 1 1 1 1 0 0],0.0005676437906212993
603,[0 0 1 0 1 1 1 0 1 0],0.0007761392790310242
604,[0 0 1 0 1 1 1 0 0 1],0.0005867288486083637
605,[0 0 1 0 1 1 0 1 1 0],0.0009168149167485894
606,[0 0 1 0 1 1 0 1 0 1],0.0006930737498074371
607,[0 0 1 0 1 1 0 0 1 1],0.0009476396454581224
608,[0 0 1 0 1 0 1 1 1 0],0.0009908790837205282
609,[0 0 1 0 1 0 1 1 0 1],0.0007490631638013217
610,[0 0 1 0 1 0 1 0 1 1],0.0010241939637270143
611,[0 0 1 0 1 0 0 1 1 1],0.0012098296387744814
612,[0 0 1 0 0 1 1 1 1 0],0.001014818761413013
613,[0 0 1 0 0 1 1 1 0 1],0.0007671605593436564
614,[0 0 1 0 0 1 1 0 1 1],0.0010489385302326977
615,[0 0 1 0 0 1 0 1 1 1],0.001239059170501327
616,[0 0 1 0 0 0 1 1 1 1],0.0013391555843092263
617,[0 0 0 1 1 1 1 1 0 0],0.0005197961043739087
618,[0 0 0 1 1 1 1 0 1 0],0.0007107171440214865
619,[0 0 0 1 1 1 1 0 0 1],0.0005372724494997281
620,[0 0 0 1 1 1 0 1 1 0],0.0008395349866087739
621,[0 0 0 1 1 1 0 1 0 1],0.0006346533532929395
622,[0 0 0 1 1 1 0 0 1 1],0.0008677614451137824
623,[0 0 0 1 1 0 1 1 1 0],0.0009073561556267156
624,[0 0 0 1 1 0 1 1 0 1],0.0006859233218208169
625,[0 0 0 1 1 0 1 0 1 1],0.0009378628662279218
626,[0 0 0 1 1 0 0 1 1 1],0.0011078509860959836
627,[0 0 0 1 0 1 1 1 1 0],0.0009292779160865644
628,[0 0 0 1 0 1 1 1 0 1],0.0007024952562938838
629,[0 0 0 1 0 1 1 0 1 1],0.0009605216700175266
630,[0 0 0 1 0 1 0 1 1 1],0.001134616709557273
631,[0 0 0 1 0 0 1 1 1 1],0.0012262758218717004
632,[0 0 0 0 1 1 1 1 1 0],0.0007526069067739188
633,[0 0 0 0 1 1 1 1 0 1],0.000568939358947858
634,[0 0 0 0 1 1 1 0 1 1],0.0007779107094307298
635,[0 0 0 0 1 1 0 1 1 1],0.0009189074198061076
636,[0 0 0 0 1 0 1 1 1 1],0.0009931406279803758
637,[0 0 0 0 0 1 1 1 1 1],0.0010171349446712586
638,[1 1 1 1 1 1 0 0 0 0],0.00032637928976132676
639,[1 1 1 1 1 0 1 0 0 0],0.0003527455822064728
640,[1 1 1 1 1 0 0 1 0 0],0.000416680897773675
641,[1 1 1 1 1 0 0 0 1 0],0.0005697277358219468
642,[1 1 1 1 1 0 0 0 0 1],0.0004306903509333909
643,[1 1 1 1 0 1 1 0 0 0],0.0003612679293668987
644,[1 1 1 1 0 1 0 1 0 0],0.00042674792467655657
645,[1 1 1 1 0 1 0 0 1 0],0.000583492380360446
646,[1 1 1 1 0 1 0 0 0 1],0.0004410958467764304
647,[1 1 1 1 0 0 1 1 0 0],0.0004612224178057297
648,[1 1 1 1 0 0 1 0 1 0],0.0006306293502072405
649,[1 1 1 1 0 0 1 0 0 1],0.00047672942542951053
650,[1 1 1 1 0 0 0 1 1 0],0.0007449312395724757
651,[1 1 1 1 0 0 0 1 0 1],0.0005631368754232176
652,[1 1 1 1 0 0 0 0 1 1],0.0007699769744831942
653,[1 1 1 0 1 1 1 0 0 0],0.00029258495669675727
654,[1 1 1 0 1 1 0 1 0 0],0.00034561612839736813
655,[1 1 1 0 1 1 0 0 1 0],0.0004725608861540183
656,[1 1 1 0 1 1 0 0 0 1],0.0003572362746241222
657,[1 1 1 0 1 0 1 1 0 0],0.000373536453616986
658,[1 1 1 0 1 0 1 0 1 0],0.0005107363430942722
659,[1 1 1 0 1 0 1 0 0 1],0.0003860953241540172
660,[1 1 1 0 1 0 0 1 1 0],0.00060330756415143
661,[1 1 1 0 1 0 0 1 0 1],0.00045607529735282933
662,[1 1 1 0 1 0 0 0 1 1],0.0006235916931000829
663,[1 1 1 0 0 1 1 1 0 0],0.0003825611090496226
664,[1 1 1 0 0 1 1 0 1 0],0.000523075753260855
665,[1 1 1 0 0 1 1 0 0 1],0.00039542340239351065
666,[1 1 1 0 0 1 0 1 1 0],0.0006178834986650472
667,[1 1 1 0 0 1 0 1 0 1],0.00046709409450125175
668,[1 1 1 0 0 1 0 0 1 1],0.0006386576929680725
669,[1 1 1 0 0 0 1 1 1 0],0.000667798727767807
670,[1 1 1 0 0 0 1 1 0 1],0.0005048279210072984
671,[1 1 1 0 0 0 1 0 1 1],0.0006902511489053425
672,[1 1 1 0 0 0 0 1 1 1],0.0008153595195044547
673,[1 1 0 1 1 1 1 0 0 0],0.00026792245982806064
674,[1 1 0 1 1 1 0 1 0 0],0.0003164835414708113
675,[1 1 0 1 1 1 0 0 1 0],0.0004327279039439279
676,[1 1 0 1 1 1 0 0 0 1],0.0003271242052827256
677,[1 1 0 1 1 0 1 1 0 0],0.00034205041372731087
678,[1 1 0 1 1 0 1 0 1 0],0.00046768548496233165
679,[1 1 0 1 1 0 1 0 0 1],0.00035355067513832714
680,[1 1 0 1 1 0 0 1 1 0],0.0005524537161623598
681,[1 1 0 1 1 0 0 1 0 1],0.0004176319142074968
682,[1 1 0 1 1 0 0 0 1 1],0.0005710280604647746
683,[1 1 0 1 0 1 1 1 0 0],0.0003503143651960075
684,[1 1 0 1 0 1 1 0 1 0],0.000478984784700714
685,[1 1 0 1 0 1 1 0 0 1],0.0003620924733756984
686,[1 1 0 1 0 1 0 1 1 0],0.0005658010197054755
687,[1 1 0 1 0 1 0 1 0 1],0.00042772191770487893
688,[1 1 0 1 0 1 0 0 1 1],0.0005848241208978626
689,[1 1 0 1 0 0 1 1 1 0],0.0006115088069925476
690,[1 1 0 1 0 0 1 1 0 1],0.00046227509408948474
691,[1 1 0 1 0 0 1 0 1 1],0.0006320686743492917
692,[1 1 0 1 0 0 0 1 1 1],0.0007466314419448083
693,[1 1 0 0 1 1 1 1 0 0],0.0002837138451529463
694,[1 1 0 0 1 1 1 0 1 0],0.00038792190254932906
695,[1 1 0 0 1 1 1 0 0 1],0.00029325274133386027
696,[1 1 0 0 1 1 0 1 1 0],0.0004582329440081092
697,[1 1 0 0 1 1 0 1 0 1],0.0003464049493384186
698,[1 1 0 0 1 1 0 0 1 1],0.0004736394409212631
699,[1 1 0 0 1 0 1 1 1 0],0.000495250929489214
700,[1 1 0 0 1 0 1 1 0 1],0.00037438899883304754
701,[1 1 0 0 1 0 1 0 1 1],0.0005119020280542207
702,[1 1 0 0 1 0 0 1 1 1],0.0006046845301012068
703,[1 1 0 0 0 1 1 1 1 0],0.0005072162114531427
704,[1 1 0 0 0 1 1 1 0 1],0.0003834342517916851
705,[1 1 0 0 0 1 1 0 1 1],0.0005242696012153508
706,[1 1 0 0 0 1 0 1 1 1],0.0006192937321664082
707,[1 1 0 0 0 0 1 1 1 1],0.0006693228858657317
708,[1 0 1 1 1 1 1 0 0 0],0.00041406756533028796
709,[1 0 1 1 1 1 0 1 0 0],0.0004891175214202818
710,[1 0 1 1 1 1 0 0 1 0],0.0006687703216502599
711,[1 0 1 1 1 1 0 0 0 1],0.0005055624053651553
712,[1 0 1 1 1 0 1 1 0 0],0.0005286304930283849
713,[1 0 1 1 1 0 1 0 1 0],0.0007227964024477262
714,[1 0 1 1 1 0 1 0 0 1],0.000546403863899111
715,[1 0 1 1 1 0 0 1 1 0],0.0008538036167472508
716,[1 0 1 1 1 0 0 1 0 1],0.0006454398411805502
717,[1 0 1 1 1 0 0 0 1 1],0.0008825098085605206
718,[1 0 1 1 0 1 1 1 0 0],0.0005414022265622095
719,[1 0 1 1 0 1 1 0 1 0],0.0007402591920011351
720,[1 0 1 1 0 1 1 0 0 1],0.0005596050027732487
721,[1 0 1 1 0 1 0 1 1 0],0.0008744315457583875
722,[1 0 1 1 0 1 0 1 0 1],0.000661033693166742
723,[1 0 1 1 0 1 0 0 1 1],0.000903831280296576
724,[1 0 1 1 0 0 1 1 1 0],0.0009450718056706715
725,[1 0 1 1 0 0 1 1 0 1],0.0007144347765592411
726,[1 0 1 1 0 0 1 0 1 1],0.0009768465744802144
727,[1 0 1 1 0 0 0 1 1 1],0.001153900511228248
728,[1 0 1 0 1 1 1 1 0 0],0.000438472762561099
729,[1 0 1 0 1 1 1 0 1 0],0.0005995237496325454
730,[1 0 1 0 1 1 1 0 0 1],0.00045321489175812173
731,[1 0 1 0 1 1 0 1 1 0],0.0007081877331274627
732,[1 0 1 0 1 1 0 1 0 1],0.0005353603206053358
733,[1 0 1 0 1 1 0 0 1 1],0.0007319980947940141
734,[1 0 1 0 1 0 1 1 1 0],0.000765398118294237
735,[1 0 1 0 1 0 1 1 0 1],0.0005786089801233147
736,[1 0 1 0 1 0 1 0 1 1],0.0007911319811712482
737,[1 0 1 0 1 0 0 1 1 1],0.0009345250537509159
738,[1 0 1 0 0 1 1 1 1 0],0.0007838901669805393
739,[1 0 1 0 0 1 1 1 0 1],0.0005925881958739588
740,[1 0 1 0 0 1 1 0 1 1],0.000810245760998292
741,[1 0 1 0 0 1 0 1 1 1],0.0009571032158596024
742,[1 0 1 0 0 0 1 1 1 1],0.0010344220411686407
743,[1 0 0 1 1 1 1 1 0 0],0.00040151312780831297
744,[1 0 0 1 1 1 1 0 1 0],0.000548988845976011
745,[1 0 0 1 1 1 1 0 0 1],0.00041501261719478544
746,[1 0 0 1 1 1 0 1 1 0],0.0006484933525691102
747,[1 0 0 1 1 1 0 1 0 1],0.0004902338644142277
748,[1 0 0 1 1 1 0 0 1 1],0.0006702966972766438
749,[1 0 0 1 1 0 1 1 1 0],0.0007008813744778347
750,[1 0 0 1 1 0 1 1 0 1],0.0005298370189070015
751,[1 0 0 1 1 0 1 0 1 1],0.0007244460851202645
752,[1 0 0 1 1 0 0 1 1 1],0.0008557523052403429
753,[1 0 0 1 0 1 1 1 1 0],0.0007178146960922788
754,[1 0 0 1 0 1 1 1 0 1],0.0005426379021535776
755,[1 0 0 1 0 1 1 0 1 1],0.0007419487310720214
756,[1 0 0 1 0 1 0 1 1 1],0.00087642731464223
757,[1 0 0 1 0 0 1 1 1 1],0.0009472288011632326
758,[1 0 0 0 1 1 1 1 1 0],0.0005813463213867515
759,[1 0 0 0 1 1 1 1 0 1],0.00043947351590786077
760,[1 0 0 0 1 1 1 0 1 1],0.0006008920795497871
761,[1 0 0 0 1 1 0 1 1 1],0.0007098040735357548
762,[1 0 0 0 1 0 1 1 1 1],0.0007671450334823419
763,[1 0 0 0 0 1 1 1 1 1],0.0007856792877083978
764,[0 1 1 1 1 1 1 0 0 0],0.0002577738462496771
765,[0 1 1 1 1 1 0 1 0 0],0.0003044954865374294
766,[0 1 1 1 1 1 0 0 1 0],0.00041633663803613836
767,[0 1 1 1 1 1 0 0 0 1],0.00031473309348985565
768,[0 1 1 1 1 0 1 1 0 0],0.00032909391327015457
769,[0 1 1 1 1 0 1 0 1 0],0.00044997006361935203
770,[0 1 1 1 1 0 1 0 0 1],0.0003401585571924925
771,[0 1 1 1 1 0 0 1 1 0],0.0005315273657217438
772,[0 1 1 1 1 0 0 1 0 1],0.00040181246809606374
773,[0 1 1 1 1 0 0 0 1 1],0.0005493981339114353
774,[0 1 1 1 0 1 1 1 0 0],0.00033704483517746196
775,[0 1 1 1 0 1 1 0 1 0],0.0004608413580802942
776,[0 1 1 1 0 1 1 0 0 1],0.0003483768013327895
777,[0 1 1 1 0 1 0 1 1 0],0.0005443690878139452
778,[0 1 1 1 0 1 0 1 0 1],0.0004115202731522807
779,[0 1 1 1 0 1 0 0 1 1],0.0005626716144670126
780,[0 1 1 1 0 0 1 1 1 0],0.0005883455134563193
781,[0 1 1 1 0 0 1 1 0 1],0.0004447646125127038
782,[0 1 1 1 0 0 1 0 1 1],0.0006081265952302485
783,[0 1 1 1 0 0 0 1 1 1],0.0007183498488501797
784,[0 1 1 0 1 1 1 1 0 0],0.0002729670709439369
785,[0 1 1 0 1 1 1 0 1 0],0.00037322783961003336
786,[0 1 1 0 1 1 1 0 0 1],0.00028214464403395894
787,[0 1 1 0 1 1 0 1 1 0],0.00044087557471324777
788,[0 1 1 0 1 1 0 1 0 1],0.00033328350377267096
789,[0 1 1 0 1 1 0 0 1 1],0.0004556984901533571
790,[0 1 1 0 1 0 1 1 1 0],0.00047649135886214963
791,[0 1 1 0 1 0 1 1 0 1],0.0003602075476788857
792,[0 1 1 0 1 0 1 0 1 1],0.000492511731786983
793,[0 1 1 0 1 0 0 1 1 1],0.000581779732807386
794,[0 1 1 0 0 1 1 1 1 0],0.00048800340886080647
795,[0 1 1 0 0 1 1 1 0 1],0.00036891017621904474
796,[0 1 1 0 0 1 1 0 1 1],0.0005044108346265312
797,[0 1 1 0 0 1 0 1 1 1],0.0005958355540677701
798,[0 1 1 0 0 0 1 1 1 1],0.0006439696574272534
799,[0 1 0 1 1 1 1 1 0 0],0.0002499581999192062
800,[0 1 0 1 1 1 1 0 1 0],0.00034176781333386064
801,[0 1 0 1 1 1 1 0 0 1],0.0002583621793489448
802,[0 1 0 1 1 1 0 1 1 0],0.0004037134027287208
803,[0 1 0 1 1 1 0 1 0 1],0.00030519045530914135
804,[0 1 0 1 1 1 0 0 1 1],0.0004172868687447933
805,[0 1 0 1 1 0 1 1 1 0],0.000436327070244679
806,[0 1 0 1 1 0 1 1 0 1],0.00032984502454370425
807,[0 1 0 1 1 0 1 0 1 1],0.00045099705796326414
808,[0 1 0 1 1 0 0 1 1 1],0.0005327405033110313
809,[0 1 0 1 0 1 1 1 1 0],0.00044686874944830404
810,[0 1 0 1 0 1 1 1 0 1],0.000337814093328966
811,[0 1 0 1 0 1 1 0 1 1],0.00046189316464800736
812,[0 1 0 1 0 1 0 1 1 1],0.0005456115348551744
813,[0 1 0 1 0 0 1 1 1 1],0.00058968833059781
814,[0 1 0 0 1 1 1 1 1 0],0.0003619116535907099
815,[0 1 0 0 1 1 1 1 0 1],0.0002735900804741236
816,[0 1 0 0 1 1 1 0 1 1],0.00037407968045737055
817,[0 1 0 0 1 1 0 1 1 1],0.00044188181214592834
818,[0 1 0 0 1 0 1 1 1 1],0.0004775788843889329
819,[0 1 0 0 0 1 1 1 1 1],0.0004891172090471536
820,[0 0 1 1 1 1 1 1 0 0],0.0003863042439267985
821,[0 0 1 1 1 1 1 0 1 0],0.0005281937410780163
822,[0 0 1 1 1 1 1 0 0 1],0.0003992923872268819
823,[0 0 1 1 1 1 0 1 1 0],0.0006239291243681674
824,[0 0 1 1 1 1 0 1 0 1],0.0004716643347967014
825,[0 0 1 1 1 1 0 0 1 1],0.0006449065819130682
826,[0 0 1 1 1 0 1 1 1 0],0.0006743327445554808
827,[0 0 1 1 1 0 1 1 0 1],0.0005097673645455842
828,[0 0 1 1 1 0 1 0 1 1],0.0006970048493949109
829,[0 0 1 1 1 0 0 1 1 1],0.0008233373316309314
830,[0 0 1 1 0 1 1 1 1 0],0.0006906246502252752
831,[0 0 1 1 0 1 1 1 0 1],0.0005220833641522637
832,[0 0 1 1 0 1 1 0 1 1],0.000713844514010659
833,[0 0 1 1 0 1 0 1 1 1],0.0008432291939936195
834,[0 0 1 1 0 0 1 1 1 1],0.0009113487966294941
835,[0 0 1 0 1 1 1 1 1 0],0.0005593255502473884
836,[0 0 1 0 1 1 1 1 0 1],0.00042282673350020183
837,[0 0 1 0 1 1 1 0 1 1],0.0005781309361892206
838,[0 0 1 0 1 1 0 1 1 1],0.0006829174614043948
839,[0 0 1 0 1 0 1 1 1 1],0.000738086407682979
840,[0 0 1 0 0 1 1 1 1 1],0.0007559186043651305
841,[0 0 0 1 1 1 1 1 1 0],0.0005121790230051999
842,[0 0 0 1 1 1 1 1 0 1],0.0003871859298557488
843,[0 0 0 1 1 1 1 0 1 1],0.0005293992701308019
844,[0 0 0 1 1 1 0 1 1 1],0.0006253531561728035
845,[0 0 0 1 1 0 1 1 1 1],0.000675871815641683
846,[0 0 0 1 0 1 1 1 1 1],0.0006922009053295426
847,[0 0 0 0 1 1 1 1 1 1],0.0005606021333424705
848,[1 1 1 1 1 1 1 0 0 0],0.00019911573481211768
849,[1 1 1 1 1 1 0 1 0 0],0.00023520556267041967
850,[1 1 1 1 1 1 0 0 1 0],0.00032159653439580165
851,[1 1 1 1 1 1 0 0 0 1],0.0002431135357278398
852,[1 1 1 1 1 0 1 1 0 0],0.0002542064577781589
853,[1 1 1 1 1 0 1 0 1 0],0.0003475764557364783
854,[1 1 1 1 1 0 1 0 0 1],0.0002627532701762515
855,[1 1 1 1 1 0 0 1 1 0],0.00041057486451097564
856,[1 1 1 1 1 0 0 1 0 1],0.0003103774335745613
857,[1 1 1 1 1 0 0 0 1 1],0.00042437902343368057
858,[1 1 1 1 0 1 1 1 0 0],0.0002603480958110331
859,[1 1 1 1 0 1 1 0 1 0],0.000355973916597782
860,[1 1 1 1 0 1 1 0 0 1],0.00026910139953331447
861,[1 1 1 1 0 1 0 1 1 0],0.0004204943694097195
862,[1 1 1 1 0 1 0 1 0 1],0.0003178761645951986
863,[1 1 1 1 0 1 0 0 1 1],0.0004346320373557298
864,[1 1 1 1 0 0 1 1 1 0],0.00045446367402920523
865,[1 1 1 1 0 0 1 1 0 1],0.0003435555388079048
866,[1 1 1 1 0 0 1 0 1 1],0.00046974344228381505
867,[1 1 1 1 0 0 0 1 1 1],0.0005548846792914562
868,[1 1 1 0 1 1 1 1 0 0],0.0002108516426366569
869,[1 1 1 0 1 1 1 0 1 0],0.00028829742278939244
870,[1 1 1 0 1 1 1 0 0 1],0.0002179407994157417
871,[1 1 1 0 1 1 0 1 1 0],0.0003405514767961182
872,[1 1 1 0 1 1 0 1 0 1],0.0002574426797751043
873,[1 1 1 0 1 1 0 0 1 1],0.00035200134164026724
874,[1 1 1 0 1 0 1 1 1 0],0.00036806265814711314
875,[1 1 1 0 1 0 1 1 0 1],0.0002782399827773145
876,[1 1 1 0 1 0 1 0 1 1],0.00038043749125490114
877,[1 1 1 0 1 0 0 1 1 1],0.0004493919793730248
878,[1 1 1 0 0 1 1 1 1 0],0.00037695506646559
879,[1 1 1 0 0 1 1 1 0 1],0.0002849622717208261
880,[1 1 1 0 0 1 1 0 1 1],0.00038962887602869516
881,[1 1 1 0 0 1 0 1 1 1],0.0004602493072958055
882,[1 1 1 0 0 0 1 1 1 1],0.0004974301830882344
883,[1 1 0 1 1 1 1 1 0 0],0.0001930785895207524
884,[1 1 0 1 1 1 1 0 1 0],0.00026399632964000736
885,[1 1 0 1 1 1 1 0 0 1],0.00019957018889688746
886,[1 1 0 1 1 1 0 1 1 0],0.0003118457981961788
887,[1 1 0 1 1 1 0 1 0 1],0.00023574238678839807
888,[1 1 0 1 1 1 0 0 1 1],0.00032233053394054815
889,[1 1 0 1 1 0 1 1 1 0],0.0003370380140351285
890,[1 1 0 1 1 0 1 1 0 1],0.00025478664880736684
891,[1 1 0 1 1 0 1 0 1 1],0.00034836975085315137
892,[1 1 0 1 1 0 0 1 1 1],0.00041151194476963474
893,[1 1 0 1 0 1 1 1 1 0],0.00034518086572982826
894,[1 1 0 1 0 1 1 1 0 1],0.0002609423042783598
895,[1 1 0 1 0 1 1 0 1 1],0.0003567863777557211
896,[1 1 0 1 0 1 0 1 1 1],0.00042145408956433824
897,[1 1 0 1 0 0 1 1 1 1],0.0004555009244164582
898,[1 1 0 0 1 1 1 1 1 0],0.00027955630833076834
899,[1 1 0 0 1 1 1 1 0 1],0.0002113328823054708
900,[1 1 0 0 1 1 1 0 1 1],0.00028895542172422713
901,[1 1 0 0 1 1 0 1 1 1],0.00034132873837140434
902,[1 1 0 0 1 0 1 1 1 1],0.0003689027101832016
903,[1 1 0 0 0 1 1 1 1 1],0.00037781541419195915
904,[1 0 1 1 1 1 1 1 0 0],0.00029839820644962124
905,[1 0 1 1 1 1 1 0 1 0],0.0004079998277871934
906,[1 0 1 1 1 1 1 0 0 1],0.00030843081346024984
907,[1 0 1 1 1 1 0 1 1 0],0.00048195000337201386
908,[1 0 1 1 1 1 0 1 0 1],0.00036433405473085907
909,[1 0 1 1 1 1 0 0 1 1],0.0004981539043274938
910,[1 0 1 1 1 0 1 1 1 0],0.0005208839527109506
911,[1 0 1 1 1 0 1 1 0 1],0.00039376649280554326
912,[1 0 1 1 1 0 1 0 1 1],0.0005383968729723331
913,[1 0 1 1 1 0 0 1 1 1],0.0006359815790898784
914,[1 0 1 1 0 1 1 1 1 0],0.000533468529525577
915,[1 0 1 1 0 1 1 1 0 1],0.00040327990678181764
916,[1 0 1 1 0 1 1 0 1 1],0.0005514045626302921
917,[1 0 1 1 0 1 0 1 1 1],0.0006513469190914075
918,[1 0 1 1 0 0 1 1 1 1],0.000703965464111735
919,[1 0 1 0 1 1 1 1 1 0],0.0004320473917622677
920,[1 0 1 0 1 1 1 1 0 1],0.00032660976652205894
921,[1 0 1 0 1 1 1 0 1 1],0.0004465734901027741
922,[1 0 1 0 1 1 0 1 1 1],0.0005275151615337021
923,[1 0 1 0 1 0 1 1 1 1],0.0005701300560891045
924,[1 0 1 0 0 1 1 1 1 1],0.0005839044207011051
925,[1 0 0 1 1 1 1 1 1 0],0.0003956293627331506
926,[1 0 0 1 1 1 1 1 0 1],0.00029907925902407964
927,[1 0 0 1 1 1 1 0 1 1],0.00040893103088120375
928,[1 0 0 1 1 1 0 1 1 1],0.00048304998749880255
929,[1 0 0 1 1 0 1 1 1 1],0.0005220727981842822
930,[1 0 0 1 0 1 1 1 1 1],0.000534686097552372
931,[1 0 0 0 1 1 1 1 1 1],0.00043303348009017284
932,[0 1 1 1 1 1 1 1 0 0],0.00018576498096190683
933,[0 1 1 1 1 1 1 0 1 0],0.0002539964336352178
934,[0 1 1 1 1 1 1 0 0 1],0.00019201068556081284
935,[0 1 1 1 1 1 0 1 1 0],0.00030003341597198375
936,[0 1 1 1 1 1 0 1 0 1],0.00022681271964105756
937,[0 1 1 1 1 1 0 0 1 1],0.00031012100124375234
938,[0 1 1 1 1 0 1 1 1 0],0.0003242713778678455
939,[0 1 1 1 1 0 1 1 0 1],0.00024513560557143697
940,[0 1 1 1 1 0 1 0 1 1],0.0003351738807268645
941,[0 1 1 1 1 0 0 1 1 1],0.00039592431649451243
942,[0 1 1 1 0 1 1 1 1 0],0.0003321057871298779
943,[0 1 1 1 0 1 1 1 0 1],0.00025105809145770433
944,[0 1 1 1 0 1 1 0 1 1],0.0003432716948874102
945,[0 1 1 1 0 1 0 1 1 1],0.00040548986357610714
946,[0 1 1 1 0 0 1 1 1 1],0.00043824704107474154
947,[0 1 1 0 1 1 1 1 1 0],0.00026896701712886945
948,[0 1 1 0 1 1 1 1 0 1],0.00020332782083992367
949,[0 1 1 0 1 1 1 0 1 1],0.00027801010225254137
950,[0 1 1 0 1 1 0 1 1 1],0.0003283995741977417
951,[0 1 1 0 1 0 1 1 1 1],0.00035492907372110596
952,[0 1 1 0 0 1 1 1 1 1],0.0003635041741225309
953,[0 1 0 1 1 1 1 1 1 0],0.0002462953176245152
954,[0 1 0 1 1 1 1 1 0 1],0.00018618896380025453
955,[0 1 0 1 1 1 1 0 1 1],0.0002545761453134104
956,[0 1 0 1 1 1 0 1 1 1],0.00030071820068568086
957,[0 1 0 1 1 0 1 1 1 1],0.0003250114823723189
958,[0 1 0 1 0 1 1 1 1 1],0.0003328637725883313
959,[0 1 0 0 1 1 1 1 1 1],0.00026958089709027913
960,[0 0 1 1 1 1 1 1 1 0],0.00038064334952165056
961,[0 0 1 1 1 1 1 1 0 1],0.0002877504595233116
962,[0 0 1 1 1 1 1 0 1 1],0.0003934411648382946
963,[0 0 1 1 1 1 0 1 1 1],0.00046475257538443777
964,[0 0 1 1 1 0 1 1 1 1],0.0005022972441230142
965,[0 0 1 1 0 1 1 1 1 1],0.0005144327653260433
966,[0 0 1 0 1 1 1 1 1 1],0.00041663063928780734
967,[0 0 0 1 1 1 1 1 1 1],0.0003815121152432236
968,[1 1 1 1 1 1 1 1 0 0],0.00014349295409419555
969,[1 1 1 1 1 1 1 0 1 0],0.00019619789695013345
970,[1 1 1 1 1 1 1 0 0 1],0.00014831740808254177
971,[1 1 1 1 1 1 0 1 1 0],0.0002317588652170183
972,[1 1 1 1 1 1 0 1 0 1],0.00017520001347351815
973,[1 1 1 1 1 1 0 0 1 1],0.00023955095500072194
974,[1 1 1 1 1 0 1 1 1 0],0.0002504813216006192
975,[1 1 1 1 1 0 1 1 0 1],0.0001893534078111746
976,[1 1 1 1 1 0 1 0 1 1],0.0002589028891865027
977,[1 1 1 1 1 0 0 1 1 1],0.0003058291690788202
978,[1 1 1 1 0 1 1 1 1 0],0.00025653296019671436
979,[1 1 1 1 0 1 1 1 0 1],0.0001939281936023456
980,[1 1 1 1 0 1 1 0 1 1],0.0002651579931871904
981,[1 1 1 1 0 1 0 1 1 1],0.0003132180138500885
982,[1 1 1 1 0 0 1 1 1 1],0.00033852108304390405
983,[1 1 1 0 1 1 1 1 1 0],0.00020776182702400664
984,[1 1 1 0 1 1 1 1 0 1],0.00015705925579072874
985,[1 1 1 0 1 1 1 0 1 1],0.00021474709944619178
986,[1 1 1 0 1 1 0 1 1 1],0.0002536701200673178
987,[1 1 1 0 1 0 1 1 1 1],0.00027416265982123795
988,[1 1 1 0 0 1 1 1 1 1],0.0002807864404815288
989,[1 1 0 1 1 1 1 1 1 0],0.000190249219861073
990,[1 1 0 1 1 1 1 1 0 1],0.0001438204568864049
991,[1 1 0 1 1 1 1 0 1 1],0.00019664569147413905
992,[1 1 0 1 1 1 0 1 1 1],0.00023228782272546864
993,[1 1 0 1 1 0 1 1 1 1],0.00025105301052247834
994,[1 1 0 1 0 1 1 1 1 1],0.0002571184611454439
995,[1 1 0 0 1 1 1 1 1 1],0.00020823601461666152
996,[1 0 1 1 1 1 1 1 1 0],0.0002940254853005445
997,[1 0 1 1 1 1 1 1 0 1],0.00022227097521372582
998,[1 0 1 1 1 1 1 0 1 1],0.00030391107469542495
999,[1 0 1 1 1 1 0 1 1 1],0.00035899511102403933
1000,[1 0 1 1 1 0 1 1 1 1],0.0003879962467595796
1001,[1 0 1 1 0 1 1 1 1 1],0.00039737025136409894
1002,[1 0 1 0 1 1 1 1 1 1],0.00032182363375484624
1003,[1 0 0 1 1 1 1 1 1 1],0.00029469655774465493
1004,[0 1 1 1 1 1 1 1 1 0],0.00018304278477086801
1005,[0 1 1 1 1 1 1 1 0 1],0.00013837269322171107
1006,[0 1 1 1 1 1 1 0 1 1],0.00018919696494368765
1007,[0 1 1 1 1 1 0 1 1 1],0.00022348901073591872
1008,[0 1 1 1 1 0 1 1 1 1],0.0002415433934746296
1009,[0 1 1 1 0 1 1 1 1 1],0.0002473790913751442
1010,[0 1 1 0 1 1 1 1 1 1],0.0002003482591563566
1011,[0 1 0 1 1 1 1 1 1 1],0.00018346055457346677
1012,[0 0 1 1 1 1 1 1 1 1],0.00028353377023759174
1013,[1 1 1 1 1 1 1 1 1 0],0.0001413902113110645
1014,[1 1 1 1 1 1 1 1 0 1],0.0001068850889631603
1015,[1 1 1 1 1 1 1 0 1 1],0.00014614396785039255
1016,[1 1 1 1 1 1 0 1 1 1],0.00017263263609766408
1017,[1 1 1 1 1 0 1 1 1 1],0.00018657862688726358
1018,[1 1 1 1 0 1 1 1 1 1],0.00019108637386201687
1019,[1 1 1 0 1 1 1 1 1 1],0.00015475771270296787
1020,[1 1 0 1 1 1 1 1 1 1],0.00014171291488412668
1021,[1 0 1 1 1 1 1 1 1 1],0.000219013820937542
1022,[0 1 1 1 1 1 1 1 1 1],0.0001363449826355637
1023,[1 1 1 1 1 1 1 1 1 1],0.00010531879707893253
